-- phpMyAdmin SQL Dump
-- version 5.2.1
-- https://www.phpmyadmin.net/
--
-- Host: 127.0.0.1:3306
-- Generation Time: Jun 29, 2025 at 06:12 PM
-- Server version: 9.1.0
-- PHP Version: 8.3.14

SET SQL_MODE = "NO_AUTO_VALUE_ON_ZERO";
START TRANSACTION;
SET time_zone = "+00:00";


/*!40101 SET @OLD_CHARACTER_SET_CLIENT=@@CHARACTER_SET_CLIENT */;
/*!40101 SET @OLD_CHARACTER_SET_RESULTS=@@CHARACTER_SET_RESULTS */;
/*!40101 SET @OLD_COLLATION_CONNECTION=@@COLLATION_CONNECTION */;
/*!40101 SET NAMES utf8mb4 */;

--
-- Database: `iwstech`
--

-- --------------------------------------------------------

--
-- Table structure for table `category`
--

DROP TABLE IF EXISTS `category`;
CREATE TABLE IF NOT EXISTS `category` (
  `categoryID` int NOT NULL AUTO_INCREMENT,
  `categoryName` varchar(255) CHARACTER SET utf8mb4 COLLATE utf8mb4_0900_ai_ci NOT NULL,
  PRIMARY KEY (`categoryID`)
) ENGINE=MyISAM AUTO_INCREMENT=17 DEFAULT CHARSET=utf8mb4 COLLATE=utf8mb4_0900_ai_ci;

--
-- Dumping data for table `category`
--

INSERT INTO `category` (`categoryID`, `categoryName`) VALUES
(1, 'Processors'),
(2, 'Graphics Cards'),
(3, 'Motherboards'),
(4, 'Memory (RAM)'),
(5, 'Storage (USB/SSD/HDD)'),
(6, 'Power Supplies (PSUs)'),
(7, 'PC Cases'),
(12, 'Laptops'),
(13, 'Speakers'),
(14, 'Chairs');

-- --------------------------------------------------------

--
-- Table structure for table `products`
--

DROP TABLE IF EXISTS `products`;
CREATE TABLE IF NOT EXISTS `products` (
  `productID` int NOT NULL AUTO_INCREMENT,
  `categoryID` int NOT NULL,
  `productName` varchar(40) NOT NULL,
  `productImage` varchar(50) NOT NULL DEFAULT 'ic_product_placeholder.png',
  `productDescription` varchar(10000) CHARACTER SET utf8mb4 COLLATE utf8mb4_0900_ai_ci DEFAULT NULL,
  `price` double NOT NULL,
  PRIMARY KEY (`productID`),
  KEY `categoryID` (`categoryID`)
) ENGINE=MyISAM AUTO_INCREMENT=91 DEFAULT CHARSET=utf8mb4 COLLATE=utf8mb4_0900_ai_ci;

--
-- Dumping data for table `products`
--

INSERT INTO `products` (`productID`, `categoryID`, `productName`, `productImage`, `productDescription`, `price`) VALUES
(11, 13, 'Xiaomi Portable Bluetooth Speaker, Black', '685eaf39798426.96905550.webp', 'Wireless speaker, rated power 16W, Bluetooth 5.0, battery life up to 13 hours.\r\nTrue Wireless Stereo feature for pairing two speakers at together.\r\nDeep Bass feature to amplify the bass component\r\nWater resistance - IPX7 protection.\r\nUSB Type-C and 3.5mm jack inputs. Microphone - hands-free support.', 35),
(12, 13, 'JBL Charge 5 Portable Wi-Fi and Bluetoot', '685eaf97389959.81540005.jpg', 'Built in Wifi with Airplay, Alexa multi-room music, chromecast built in and spotify connect.\r\nWaterproof and dustproof\r\nPower up with built in powerbank\r\nAll fit portable speaker for inside and outdoor listening\r\nJBL one app\r\nEco-friendly recycled materials and packaging', 128),
(13, 13, 'JBL Go 4 Portable Bluetooth Speaker - Sq', '685eafd8a60be9.10060806.jpg', 'Ultra-portable JBL Pro Sound with punchier bass\r\nUp to 7 hours of playtime plus 2 hours with Playtime Boost\r\nWaterproof and dustproof', 40),
(2, 1, 'Intel Core I5-14600KF 14th Gen CPU - Tra', '685d9720320121.32858916.webp', 'Total Cores: 14\r\nNumber of Performance-cores: 6\r\nNumber of Efficient-cores: 8\r\nTotal Threads: 20\r\nCache: 24 MB Intel® Smart Cache', 155),
(3, 3, 'ASUS Z790-Plus TUF Gaming WiFi D5 Intel ', '685d97fc64e0f6.34402569.png', 'ASUS Z790-Plus TUF Gaming WiFi D5 Intel LGA 1700 ATX Motherboard | TUFZ790PLUSWF\r\nIntel® Socket LGA1700 for 13th Gen Intel® Core™ Processors\r\n16+1 DrMOS Power Stages (60A)\r\nConnectivity: HDMI® Port, DisplayPort, 1 x USB 3.2 Gen 2x2 Type-C® Port, 2 x USB 3.2 Gen 1 Ports, 2 x USB 3.2 Gen 1 Ports, 2 x USB 3.2 Gen 2 Ports, Intel® 2.5Gb Ethernet, 1 x USB 3.2 Gen 2 Type-C® Port, WiFi 6E, Optical S/PDIF Out Port, 5 x Audio Jacks, Thunderbolt Header, 2 x Front USB 2.0 Headers, 1 x Front USB 3.2 Gen 1 Header, 1 x Front USB 3.2 Gen 2 Type-C® Port', 220),
(4, 3, 'ASUS Z890 AYW Gaming WiFi W ATX Motherbo', '685d9bf00c0030.72789131.webp', '  <li><strong>Ready for Advanced AI PCs:</strong> Designed for the future of AI computing, with the power and connectivity needed for demanding AI applications</li>\r\n  <li><strong>Intel LGA 1851 Socket:</strong> Ready for Intel Core Ultra Processors (series 2)</li>\r\n  <li><strong>Robust Power Solution:</strong> 12+1+2+1 80A DrMOS power stages with ProCool power connectors, 6-layer PCB, alloy chokes and durable capacitors for stable power delivery</li>\r\n  <li><strong>Next-gen Connectivity:</strong> DDR5 memory, Wi-Fi 6, PCIe 5.0, rear USB 20Gbps Type-C, front panel USB 20Gbps Type-C with up to 30W PD/PPS Fast-charge and USB Wattage Watcher, Thunderbolt (USB4) header support</li>\r\n  <li><strong>Optimized Thermal Design:</strong> Large VRM heatsinks, M.2 and PCH heatsinks, hybrid fan headers and Fan Xpert 4 with AI Cooling II</li>\r\n  <li><strong>Latest M.2 Support:</strong> One onboard PCIe 5.0 M.2 slot and three PCIe 4.0 M.2 slots, all with cooling solutions</li>\r\n  <li><strong>DIY Friendly Design:</strong> PCIe Slot Q-Release, M.2 Q-Latch, Q-Dashboard, Q-LED, BIOS FlashBack button, BIOS FlashBack LED and pre-mounted I/O shield</li>\r\n\r\n', 199),
(5, 4, 'Kingston Fury Beast RGB 8GB 3200MT/s DDR', '685d9d61e47ce0.69052550.webp', '<ul>\r\n<li class=\"a-spacing-mini\"><span class=\"a-list-item\" style=\"font-size: 14pt;\">Sleek low-profile RGB lighting</span></li>\r\n<li class=\"a-spacing-mini\"><span class=\"a-list-item\" style=\"font-size: 14pt;\">Patented Kingston FURY Infrared Sync Technology</span></li>\r\n<li class=\"a-spacing-mini\"><span class=\"a-list-item\" style=\"font-size: 14pt;\">Intel XMP Certified and XMP-Ready</span></li>\r\n<li class=\"a-spacing-mini\"><span class=\"a-list-item\" style=\"font-size: 14pt;\">Ready for AMD Ryzen</span></li>\r\n<li class=\"a-spacing-mini\"><span class=\"a-list-item\" style=\"font-size: 14pt;\">Plug N Play functionality at 2666MT/s</span></li>\r\n</ul>', 22),
(6, 12, 'Lenovo Ideapad 3 Slim 15.6″ FHD Laptop -', '685d9dd1b4fd60.42571005.webp', '\r\n<li><span style=\"font-size: 14pt;\"><strong>Processor: </strong>Intel® Core™ i7-13620H, 10C (6P + 4E) / 16T, P-core 2.4 / 4.9GHz, E-core 1.8 / 3.6GHz, 24MB</span></li>\r\n<li><span style=\"font-size: 14pt;\"><strong>Memory:</strong> 16GB Soldered LPDDR5-4800</span></li>\r\n<li><span style=\"font-size: 14pt;\"><strong>Storage:</strong> 512GB SSD M.2 2242 PCIe® 4.0x4 NVMe</span></li>\r\n<li><span style=\"font-size: 14pt;\"><strong>Graphic Card:</strong> Integrated Intel® UHD Graphics</span></li>\r\n<li><span style=\"font-size: 14pt;\"><strong>Display:</strong> <span>15.6\" FHD (1920x1080) TN 250nits Anti-glare</span></span></li>\r\n<li><strong><span style=\"font-size: 14pt;\">I/O Ports: </span></strong><span style=\"font-size: 14pt;\">2x USB 3.2 Gen 1 1x USB-C® 3.2 Gen 1 (support data transfer, Power Delivery and DisplayPort™ 1.2) 1x HDMI® 1.4 1x Headphone / microphone combo jack (3.5mm) 1x Card reader 1x Power connector</span><span style=\"font-size: 14pt;\"></span></li>\r\n', 475),
(7, 12, 'Lenovo V15 G4 15.6', '685d9e150b6388.77374011.webp', '\r\n<li><span style=\"font-size: 14pt;\"><strong>Processor: </strong>Intel® Core™ i5-13420H, 8C (4P + 4E) / 12T, P-core 2.1 / 4.6GHz, E-core 1.5 / 3.4GHz, 12MB</span></li>\r\n<li><span style=\"font-size: 14pt;\"><strong>Memory:</strong> 8GB Soldered DDR4-3200 + 8GB SO-DIMM DDR4-3200</span></li>\r\n<li><span style=\"font-size: 14pt;\"><strong>Storage:</strong> 512GB SSD M.2 2242 PCIe® 4.0x4 NVMe</span></li>\r\n<li><span style=\"font-size: 14pt;\"><strong>Graphic Card:</strong> Integrated Intel UHD Graphics</span></li>\r\n<li><span style=\"font-size: 14pt;\"><strong>Display:</strong> 15.6\" FHD (1920x1080) TN 250nits Anti-glare, 45% NTSC</span></li>\r\n<li><span style=\"font-size: 14pt;\"><strong>Wireless Connectivity: </strong>Wi-Fi® 6, 802.11ax 2x2 + BT5.2</span></li>\r\n<li><span style=\"font-size: 14pt;\"><strong>I/O Ports:</strong> 1x USB 2.0 1x USB 3.2 Gen 1 1x USB-C® 3.2 Gen 1 (support data transfer, Power Delivery 3.0 and DisplayPort™ 1.2) 1x HDMI® 1.4b 1x Headphone / microphone combo jack (3.5mm) 1x Ethernet (RJ-45) 1x Power connector</span></li>\r\n', 375),
(8, 6, 'MSI Mag A750gl 750w 80 Plus Pcie 5.0 Gol', '685d9e682e6d71.88859536.jpg', '\r\nEFFICIENCY RATING    :   80 PLUS Gold (up to 90%) <br>\r\nMODULAR     :    Yes (full modular)<br>\r\nFAN SIZE     :   120 mm<br>\r\nINPUT VOLTAGE RANGE    :    100~240 VAC</span><br>\r\n<lPOWER WATT     :     750W<br>\r\n', 84),
(9, 7, 'Cougar Case DarkBlader X5 White | DARKBL', '685d9efd9678a4.95197757.png', 'Distinctive Mid-Tower Case with Superior Airflow<br>Cooling Fan Support Front * 120mm x 3 / 140mm x 3<br>Top 120mm x 3 / 140mm x 2<br>Rear 120mm ( pre-installed )<br>Maximun Number of Fans 7 Max.<br>Water Cooling Support Front *360mm / 280mm / 240mm / 140mm / 120mm<br>Top *360mm / 280mm / 240mm / 140mm / 120mm<br>Rear 120mm<br>Transparent Left Panel 4mm Tempered Glass<br>Max. Graphics Card Length 400 (mm) / 15.7 (in)<br>(Horizontal graphics card slots are compatible with RTX 3090/3080/3070.)<br>Max. CPU Cooler Height 170 (mm) / 6.7 (in)</p>\r\n', 90),
(14, 13, 'Kisonli A-909 Wired Computer Speaker - R', '685eb02094ca98.96064265.webp', 'Computer speakers\r\nAUX\r\nOutput power - 2x3W\r\nImpedance - 4 Ohm\r\nFrequency response -  20 Hz-20 KHz\r\nPower supply - USB - 5V\r\nColor - Black', 7),
(15, 1, 'AMD Ryzen 9 7950X CPU Desktop Processor ', '685eb531cbb9b7.62894787.jpg', 'Processor consumes less power to offer maximum productivity with added usability\r\nRyzen 9 product line processor for better usability and increased efficiency from expert zone\r\n5 nm process technology provides optimal processing results with added usability\r\nHexadeca-core (16 Core) processor core efficiently handles data to ensure quicker transfer of information with maximum usability\r\n16 MB L2 plus 64 MB L3 cache memory provides excellent hit rate in short access time enabling improved system performance\r\nProcessor with 4.50 GHz clock speed for quick and dependable processing of data to ensure maximum productivity\r\nComes with AMD Radeon Graphics controller for stunning picture quality', 399),
(16, 1, 'AMD Ryzen 7 9700X – CPU Ryzen 7 9000 Ser', '685eb579581ea4.92228921.webp', 'This high-performance gaming processor offers impressive 100+ FPS speeds in the world’s top games.\r\nIt features 8 cores and 16 threads built on AMD’s “Zen 5” architecture, with a max boost clock of 5.5 GHz.\r\nThe processor comes unlocked for overclocking, includes a 40 MB cache, and supports DDR5-5600 memory.\r\nDesigned for the advanced Socket AM5 platform, it is compatible with PCIe 5.0 on select motherboards.', 250),
(17, 1, 'Intel Core i3-12100 12th Generation Proc', '685eb60eaf03e2.00080886.webp', 'The Intel Core i3-12100 is a 12th Generation Alder Lake processor, designed for entry-level gaming, productivity, and everyday computing. With 4 Performance cores and 8 threads, it delivers a solid balance of efficiency and performance. The base clock of 3.3 GHz and turbo boost up to 4.3 GHz ensure fast processing speeds for daily tasks and gaming at 1080p. Supporting DDR5 memory and PCIe 5.0, this processor offers modern features at an affordable price. The tray version does not include a stock cooler, making it ideal for users planning a custom cooling setup.', 82),
(18, 1, 'Intel Core i5-14400 Processor | 14400', '685eb6449e8f88.66095140.webp', '10 cores (6 Performance-cores + 4 Efficient-cores), 16 threads\r\nBase clock: 2.5 GHz (P-cores), up to 4.7 GHz Turbo\r\nIntel Smart Cache: 20 MB\r\nProcessor Base Power: 65W\r\nSocket: LGA1700\r\nMemory support: DDR5-4800 / DDR4-3200, up to 192 GB\r\nIntegrated Graphics: Intel UHD Graphics 730\r\nPCIe 5.0 and 4.0 support', 119),
(19, 1, 'Intel Core i9-14900K LGA 1700 Processor ', '685eb72acdefc6.92150205.webp', '24 Cores & 32 Threads\r\n3.2 GHz P-Core Clock Speed\r\n5.8 GHz Maximum Turbo Boost Frequency\r\nLGA 1700 Socket\r\n36MB Cache Memory\r\nDual-Channel DDR5-5600 ECC Memory\r\nIntegrated Intel UHD 770 Graphics\r\nHybrid Core Architecture\r\nUnlocked for Overclocking\r\n14th Generation', 390),
(20, 1, 'Intel Core Ultra 5 245K Desktop Processo', '685eb9421e6341.72442379.webp', 'Get ultra-efficient with Intel Core Ultra desktop processors that improve both performance and efficiency so your PC can run cooler, quieter, and quicker.\r\nCore & Threads 14 cores (6 P-cores + 8 E-cores) and 14 threads\r\nPerformance Hybrid Architecture Integrates two core microarchitectures, prioritizing and distributing workloads to optimize performance\r\nPerformance Unlocked Up to 5.2 GHz unlocked. 26M Cache\r\nCompatibility Compatible with Intel 800 series chipset-based motherboards\r\nPCIe Express Version Turbo Boost Max Technology 3.0, and PCIe 5.0 & 4.0 support. Intel Optane Memory support. No thermal solution included', 620),
(21, 1, 'Intel Core Ultra 5 245K Desktop Processo', '685eb9e7024fe2.51068592.webp', 'The Intel Core Ultra 5 245K is a high-performance desktop processor featuring 14 cores (6 Performance-cores and 8 Efficient-cores) and 14 threads. It operates with a base clock speed of 4.2 GHz and can achieve a maximum turbo boost frequency of 5.2 GHz. The processor is built on Intels Arrow Lake architecture and utilizes the LGA 1851 socket. It includes 24 MB of Intel Smart Cache and supports up to 192 GB of DDR5 memory across two channels. The Core Ultra 5 245K is unlocked for overclocking and has a processor base power of 125 W, with a maximum turbo power of 159 W. Additionally, it features integrated Intel Xe LPG graphics.', 270),
(22, 1, 'Intel Ultra 7 265k Desktop Processor - B', '685eba2817e6f2.34834615.webp', 'Get ultra-efficient with Intel Core Ultra desktop processors that improve both performance and efficiency so your PC can run cooler, quieter, and quicker.\r\nCore & Threads 20 cores (8 P-cores + 12 E-cores) and 20 threads\r\nPerformance Hybrid Architecture Integrates two core microarchitectures, prioritizing and distributing workloads to optimize performance\r\nPerformance Unlocked Up to 5.5 GHz unlocked. 36MB Cache\r\nCompatibility Compatible with Intel 800 series chipset-based motherboards\r\nPCIe Express Version Turbo Boost Max Technology 3.0, and PCIe 5.0 & 4.0 support. Intel Optane Memory support. No thermal solution included', 290),
(23, 1, 'Intel Ultra 9 285K Desktop Processor - T', '685eba98411c19.37899385.webp', 'Get ultra-efficient with Intel Core Ultra desktop processors that improve both performance and efficiency so your PC can run cooler, quieter, and quicker.\r\nCore & Threads 24 cores (8 P-cores + 16 E-cores) and 24 threads. Integrated Intel Graphics included\r\nPerformance Hybrid Architecture Integrates two core microarchitectures, prioritizing and distributing workloads to optimize performance\r\nPerformance Unlocked Up to 5.7 GHz unlocked. 40MB Cache\r\nCompatibility Compatible with Intel 800 series chipset-based motherboards\r\nPCIe Express Version Turbo Boost Max Technology 3.0, and PCIe 5.0 & 4.0 support. Intel Optane Memory support. No thermal solution included', 500),
(24, 7, 'DarkFlash DS900 ATX PC Case - Black | DS', '685ebad9d59581.53079584.webp', '270 degree Panoramic design without barrier\r\nSupport up to 10 fans and 360mm radiator\r\nFull coverage dust proof\r\nUSB Type-C Included', 62),
(25, 7, 'Cougar Gaming Case Mid Tower With DVD BA', '685ebb46bc9b52.40711840.webp', '<ul>\r\n  <li><strong>Case Form Factor:</strong> Mid-Tower</li>\r\n  <li><strong>Dimensions (WxHxD):</strong> 195 x 473 x 427 mm / 18.6 x 16.8 x 7 in</li>\r\n  <li><strong>Motherboard Support:</strong> Mini-ITX / Micro ATX / ATX</li>\r\n  <li><strong>5.25\" Drive Bay:</strong> 1</li>\r\n  <li><strong>3.5\" Drive Bay:</strong> 1</li>\r\n  <li><strong>I/O Panel:</strong> USB 3.0 x1 / USB 2.0 x1 / Mic x1 / Audio x1</li>\r\n  <li><strong>Maximum Number of Fans:</strong> 6</li>\r\n  <li><strong>Cable Management:</strong> Yes</li>\r\n  <li><strong>Expansion Slots:</strong> 7</li>\r\n  <li><strong>Max. Graphics Card Length:</strong> 350 mm / 12.8 in<br>\r\n      <em>Horizontal graphics card slots are compatible with RTX 3090 / 3080 / 3070</em>\r\n  </li>\r\n  <li><strong>Max. CPU Cooler Height:</strong> 155 mm / 6.1 in</li>\r\n  <li><strong>PSU:</strong> Standard ATX PS2</li>\r\n  <li><strong>Max. PSU Length:</strong> 200 mm / 7.9 in</li>\r\n</ul>\r\n', 37),
(26, 7, 'DarkFlash DS900 ATX PC Case - White | DS', '685ebb8e3b90e6.75587956.webp', '<ul>\r\n  <li><strong>Case Form Factor:</strong> Mid-Tower</li>\r\n  <li><strong>Dimensions (WxHxD):</strong> 195 x 473 x 427 mm / 18.6 x 16.8 x 7 in</li>\r\n  <li><strong>Motherboard Support:</strong> Mini-ITX / Micro ATX / ATX</li>\r\n  <li><strong>5.25\" Drive Bay:</strong> 1</li>\r\n  <li><strong>3.5\" Drive Bay:</strong> 1</li>\r\n  <li><strong>I/O Panel:</strong> USB 3.0 x1 / USB 2.0 x1 / USB Type-C x1 / Mic x1 / Audio x1</li>\r\n  <li><strong>Maximum Number of Fans:</strong> 10</li>\r\n  <li><strong>Radiator Support:</strong> Up to 360mm</li>\r\n  <li><strong>Cable Management:</strong> Yes</li>\r\n  <li><strong>Expansion Slots:</strong> 7</li>\r\n  <li><strong>Max. Graphics Card Length:</strong> 350 mm / 12.8 in<br>\r\n      <em>Horizontal graphics card slots are compatible with RTX 3090 / 3080 / 3070</em>\r\n  </li>\r\n  <li><strong>Max. CPU Cooler Height:</strong> 155 mm / 6.1 in</li>\r\n  <li><strong>PSU:</strong> Standard ATX PS2</li>\r\n  <li><strong>Max. PSU Length:</strong> 200 mm / 7.9 in</li>\r\n  <li><strong>Case Design:</strong> 270° Panoramic design without barrier</li>\r\n  <li><strong>Dust Protection:</strong> Full coverage dust-proof design</li>\r\n</ul>\r\n', 65),
(27, 7, 'Cougar Duoface Pro RGB Mid Tower Case,Bl', '685ebbcd1c08f8.32833519.jpg', '<ul>\r\n  <li><strong>Product Name:</strong> Duoface Pro RGB</li>\r\n  <li><strong>Case Form Factor:</strong> Mid Tower</li>\r\n  <li><strong>Motherboard Support:</strong> Mini ITX / Micro ATX / ATX / CEB / E-ATX</li>\r\n  <li><strong>Dimensions (WxHxD):</strong> 240 x 496 x 465 mm / 9.4 x 19.5 x 18.3 in</li>\r\n  <li><strong>I/O Panel:</strong>\r\n    <ul>\r\n      <li>Type C Gen 2 (Key A 20-pin connector) x 1</li>\r\n      <li>USB 3.0 x 2</li>\r\n      <li>USB 2.0 x 1</li>\r\n      <li>4-Pole Headset Audio Jack x 1</li>\r\n      <li>RGB Button</li>\r\n    </ul>\r\n  </li>\r\n  <li><strong>3.5″ Drive Bays:</strong> 2</li>\r\n  <li><strong>2.5″ Drive Bays:</strong> 2 (2 SSD trays included)</li>\r\n  <li><strong>Expansion Slots:</strong> 7 + 3</li>\r\n  <li><strong>Vertical GPU Support:</strong> Yes</li>\r\n</ul>\r\n', 88),
(28, 7, 'REDRAGON GC-EB211 GAMING CASE | GC-EB211', '685ebc219101b8.55358264.jpg', '<ul>\r\n  <li><strong>Not Just MINI:</strong> The Redragon EB211 is a small form factor case that offers space-saving efficiency and cooling features typically found in larger ATX cases. Its compact size makes it ideal for tabletop display, becoming a centerpiece of your gaming setup.</li>\r\n  \r\n  <li><strong>Way Too Cool:</strong> Supports up to 2 x 120mm fans and 240mm radiators. Features 4 vented honeycomb/meshed panels to maintain low temperatures with both air and water cooling. Transparent acrylic side panels showcase internal components and aesthetics.</li>\r\n  \r\n  <li><strong>Unrestricted Performance:</strong> Equipped with 3 PCI slots, supports full-size GPUs up to 330mm in length (PCIe riser cable not included). Designed for compatibility and performance in a compact form factor.</li>\r\n  \r\n  <li><strong>360-Degree Easy Accessibility:</strong> All 6 panels and frame parts are detachable, offering full 360-degree access for upgrades and modifications without the need for heavy tools.</li>\r\n  \r\n  <li><strong>Solid & Reliable Materials:</strong> Constructed with 1 mm thick, powder-coated SPCC steel for long-lasting durability. Thick acrylic panels provide improved airflow and a stylish appearance while enhancing structural strength.</li>\r\n</ul>\r\n', 50),
(30, 7, 'Cougar Purity RGB White Case | Purity', '685ebc97850402.56916666.webp', '<ul>\r\n  <li><strong>Product Name:</strong> Purity RGB (White)</li>\r\n  <li><strong>Case Form Factor:</strong> Mini Tower</li>\r\n  <li><strong>Motherboard Support:</strong> Mini ITX / Micro ATX</li>\r\n</ul>\r\n', 40),
(31, 5, 'Kingston DataTraveler Exodia 64GB USB 3.', '685ebd12ae3b10.98854831.jpg', '<ul>\r\n  <li><strong>Performance:</strong> USB 3.2 Gen 1 for fast data transfer and easy access on laptops, desktop PCs, monitors, and other digital devices</li>\r\n  <li><strong>Use Case:</strong> Quick transfers and convenient storage of documents, music, videos, and more</li>\r\n  <li><strong>Design:</strong> Large loop for easy attachment to key rings</li>\r\n  <li><strong>Protection:</strong> Practical cap protects the USB plug</li>\r\n  <li><strong>Storage Capacities:</strong> Available in capacities up to 256GB</li>\r\n  <li><strong>Compatibility:</strong> Compatible with Windows 10, 8.1, and 8</li>\r\n</ul>\r\n', 4),
(32, 5, 'Kingston Micro SD 128GB Class 10 | SDCS2', '685ebd54f0e191.42509047.jpg', '<ul>\r\n  <li><strong>Interface:</strong> UHS-I – microSDHC/microSDXC Class 10</li>\r\n  <li><strong>Performance:</strong> Ideal for cinema-quality Full HD video (1080p) and high-speed photo capture of moving subjects like kids and pets</li>\r\n  <li><strong>Durability:</strong> \r\n    <ul>\r\n      <li>Waterproof</li>\r\n      <li>Temperature proof</li>\r\n      <li>Shock/vibration proof</li>\r\n      <li>X-ray proof</li>\r\n    </ul>\r\n    Ensures your data is protected in harsh environments\r\n  </li>\r\n  <li><strong>Speed:</strong> Read up to 100MB/s, Write up to 85MB/s (Class 10 UHS-I)</li>\r\n</ul>\r\n', 15),
(33, 5, 'Kingston SSD 960GB A400 SATA 3 2.5\" Inte', '685ebd92682cc2.78376673.jpg', 'Kingston SSD 960GB A400 SATA 3 2.5\" Internal SSD SA400S37/960G', 53),
(34, 5, 'Kingston NV3 1TB PCIe 4.0 NVMe SSD – Ult', '685ebdf38951b8.91352351.webp', 'The Kingston NV3 1TB PCIe 4.0 NVMe SSD is a high-performance storage solution designed for gamers, content creators, and professionals who need ultra-fast speeds and reliability.\r\n\r\nWith PCIe 4.0 x4 interface, the NV3 delivers blazing read speeds of up to 6000MB/s, reducing load times, boot-up speeds, and file transfers. Its M.2 2280 form factor ensures easy installation in laptops, desktops, and gaming rigs, making it an ideal upgrade for those looking to boost system performance.\r\n\r\nBuilt with Kingston’s legendary reliability, the NV3 SSD ensures efficient heat management, low power consumption, and outstanding durability, providing an affordable yet powerful storage upgrade for modern applications.', 55),
(35, 5, 'Kingston DataTraveler DTX Exodia Onyx 64', '685ebe31bf3b18.46910644.jpg', '<ul>\r\n  <li><strong>Speed:</strong> USB 3.2 Gen 1 compliant performance for fast access to laptops, desktop PCs, monitors, and other digital devices</li>\r\n  <li><strong>Convenience:</strong> Quick transfers and easy storage of documents, music, videos, and more</li>\r\n  <li><strong>Design:</strong> Large loop for easy attachment to key rings</li>\r\n  <li><strong>Protection:</strong> Practical cap protects the USB plug</li>\r\n  <li><strong>Capacities:</strong> Available in sizes up to 256GB</li>\r\n  <li><strong>Compatibility:</strong> \r\n    <ul>\r\n      <li>Windows® 11 / 10</li>\r\n      <li>macOS® (v10.15.x and above)</li>\r\n      <li>Linux (v4.4 and above)</li>\r\n      <li>Chrome OS™</li>\r\n    </ul>\r\n  </li>\r\n</ul>\r\n', 5),
(36, 5, 'Seagate Expansion 1TB Portable 2.5\" USB ', '685ebe95e36253.87300395.jpg', '<ul>\r\n  <li><strong>Easy to Use:</strong> Plug it in and go — no setup required</li>\r\n  <li><strong>Fast Transfers:</strong> Quick file transfers with USB 3.0 speed</li>\r\n  <li><strong>Compatibility:</strong> Works with both USB 3.0 and USB 2.0 ports</li>\r\n  <li><strong>Power:</strong> Powered directly by the USB port — no external power needed</li>\r\n</ul>\r\n', 47),
(37, 5, 'Seagate 2TB Expansion Portable USB 3.0 E', '685ebec26a2b19.77935416.jpg', '<ul>\r\n  <li><strong>Storage Capacity:</strong> 2TB</li>\r\n  <li><strong>Interface:</strong> Micro-USB 3.0</li>\r\n  <li><strong>Power:</strong> Bus Powered (powered by the USB port)</li>\r\n  <li><strong>Data Protection:</strong> Rescue Data Recovery Services included</li>\r\n  <li><strong>Accessories:</strong> Includes USB 3.0 cable</li>\r\n  <li><strong>File System:</strong> Preformatted with exFAT</li>\r\n  <li><strong>Compatibility:</strong> Compatible with Windows and Mac</li>\r\n</ul>\r\n', 60),
(38, 5, 'MSI SPATIUM S270 SATA 2.5″ 480 GB SSD | ', '685ebf60877de8.80233824.webp', '<ul>\r\n  <li><strong>Interface:</strong> SATA III</li>\r\n  <li><strong>Sequential Read Speed:</strong> Up to 500 MB/s</li>\r\n  <li><strong>Sequential Write Speed:</strong> Up to 450 MB/s</li>\r\n  <li><strong>Endurance:</strong> Up to 500 TBW (Terabytes Written)</li>\r\n  <li><strong>Security:</strong> Built-in data security and error-correction capabilities</li>\r\n  <li><strong>Capacity:</strong> 480GB</li>\r\n  <li><strong>Form Factor:</strong> 2.5\" SATA</li>\r\n  <li><strong>Compatibility:</strong> Suitable for both desktop and notebook computers</li>\r\n</ul>\r\n', 29),
(39, 12, 'Acer Aspire 5 A515-58P-57LU 15.6\" Laptop', '685ebf99a0e336.03168591.jpg', '<ul>\r\n  <li><strong>Processor:</strong> Intel Core i5-1335U</li>\r\n  <li><strong>Memory:</strong> 8GB RAM</li>\r\n  <li><strong>Storage:</strong> 256GB SSD</li>\r\n  <li><strong>Display:</strong> 15.6\"</li>\r\n</ul>\r\n', 329),
(40, 12, 'HP Envy 2in1 14\" FHD Touch-Screen Laptop', '685ebfd04618e4.87263807.webp', '<ul>\r\n  <li><strong>Processor:</strong> Intel Core Ultra 5 120U</li>\r\n  <li><strong>Memory:</strong> 8GB RAM</li>\r\n  <li><strong>Storage:</strong> 512GB SSD</li>\r\n  <li><strong>Graphics Card:</strong> Intel Graphics</li>\r\n  <li><strong>Display:</strong> 14\" FHD Touch-Screen</li>\r\n  <li><strong>Connectivity:</strong> Wi-Fi and Bluetooth</li>\r\n</ul>\r\n', 480),
(41, 12, 'Asus VivoBook Pro 15.6” OLED Laptop - In', '685ec018c7bb78.16976505.webp', '<ul>\r\n  <li><strong>Processor:</strong> Intel® Core™ Ultra 9 Processor 185H 2.3 GHz (24MB Cache, up to 5.1 GHz, 16 cores, 22 Threads); Intel® AI Boost NPU</li>\r\n  <li><strong>Memory:</strong> 24GB RAM</li>\r\n  <li><strong>Storage:</strong> 2TB SSD</li>\r\n  <li><strong>Display:</strong> 15.6” OLED Full HD</li>\r\n  <li><strong>Graphics:</strong> NVIDIA® GeForce RTX™ 3050 6GB Laptop GPU (6GB GDDR6) and Intel® Arc™ Graphics</li>\r\n  <li><strong>Wireless Connectivity:</strong> Wi-Fi and Bluetooth</li>\r\n</ul>\r\n', 1099),
(42, 12, 'Apple MacBook Air 13\" Laptop - Apple M3 ', '685ec05d2ba6c0.23253985.webp', '<ul>\r\n  <li><strong>Processor:</strong> M3</li>\r\n  <li><strong>Memory:</strong> 8GB RAM</li>\r\n  <li><strong>Storage:</strong> 512GB SSD</li>\r\n  <li><strong>Display:</strong> 13\"</li>\r\n</ul>\r\n', 899),
(43, 12, 'Apple MacBook Pro 14\" Laptop - M4 with 1', '685ec0aa0992d7.77074326.webp', '<ul>\r\n  <li><strong>Processor:</strong> Apple M4 Chip with 10-core CPU</li>\r\n  <li><strong>Memory:</strong> 16GB RAM</li>\r\n  <li><strong>Storage:</strong> 1TB SSD</li>\r\n  <li><strong>Graphics:</strong> 10-core GPU</li>\r\n  <li><strong>Display:</strong> 14\" 3024 x 1964 Liquid Retina XDR</li>\r\n  <li><strong>Wireless Connectivity:</strong> Wi-Fi and Bluetooth</li>\r\n</ul>\r\n', 2500),
(44, 12, 'Apple 15\" MacBook Air - M4 Chip 10-Core ', '685ed251a8feb7.27681700.webp', '<ul>\r\n  <li><strong>Processor:</strong> Apple M4 Chip with 10-core CPU</li>\r\n  <li><strong>Memory:</strong> 16GB RAM</li>\r\n  <li><strong>Storage:</strong> 512GB SSD</li>\r\n  <li><strong>Graphics:</strong> 10-core GPU</li>\r\n  <li><strong>Display:</strong> 15\" Liquid Retina XDR</li>\r\n  <li><strong>I/O Ports:</strong> Two Thunderbolt / USB 4 ports</li>\r\n</ul>\r\n', 1349),
(45, 12, 'Apple 13\" MacBook Air - M4 Chip 10-Core ', '685ed28c3b5920.38401581.webp', '<ul>\r\n  <li><strong>Processor:</strong> Apple M4 Chip with 10-core CPU</li>\r\n  <li><strong>Memory:</strong> 16GB RAM</li>\r\n  <li><strong>Storage:</strong> 256GB SSD</li>\r\n  <li><strong>Graphics:</strong> 8-core GPU</li>\r\n  <li><strong>Display:</strong> 13\"</li>\r\n</ul>\r\n', 899),
(46, 12, 'ASUS TUF Gaming A15 FA507NUR – Ryzen 7 ·', '685ed3565f9a74.46579329.webp', 'The ASUS TUF Gaming A15 FA507NUR is a powerful gaming laptop designed to deliver high performance, durability, and immersive gaming experiences. Equipped with the latest AMD Ryzen™ 7 7435HS processor and NVIDIA GeForce RTX 4050 graphics, it offers excellent gaming performance, smooth multitasking, and high-speed responsiveness.\r\n\r\nFeaturing a 15.6-inch Full HD 144Hz IPS-level display, this laptop ensures fluid gameplay and crisp visuals. Its military-grade durability (MIL-STD-810H) makes it resistant to extreme conditions, shocks, and vibrations. Wi-Fi 6 connectivity, RGB-backlit keyboard, and high-speed SSD storage further enhance its usability, making it a great choice for gamers and professionals alike.', 777),
(47, 12, 'Asus ROG Strix Scar 18 18\" Laptop - Inte', '685ed59007bc11.42356148.webp', '<ul>\r\n  <li><strong>Processor:</strong> Intel Core Ultra 9 275HX</li>\r\n  <li><strong>Memory:</strong> 64GB RAM</li>\r\n  <li><strong>Storage:</strong> 1TB SSD</li>\r\n  <li><strong>Graphics Card:</strong> NVIDIA GeForce RTX 5080 Laptop GPU</li>\r\n  <li><strong>Display:</strong> 18\"</li>\r\n</ul>\r\n', 2899),
(48, 12, 'MSI Sword 16 HX B14VFKG-202US Gaming Lap', '685ed5eb568ef4.55990570.webp', '<div style=\"font-size: small;\">\r\n  <p><strong>Description:</strong><br>\r\n    The MSI Sword 16 HX B14VFKG-202US is a high-performance gaming laptop designed to deliver an immersive gaming experience. It features the latest 14th Generation Intel Core i7-14650HX processor, providing robust performance for gaming and multitasking. The laptop is equipped with an NVIDIA GeForce RTX 4060 Laptop GPU with 8GB GDDR6 memory, ensuring high-quality graphics rendering and support for advanced AI technologies.\r\n  </p>\r\n\r\n  <ul>\r\n    <li><strong>Processor:</strong> Intel® Core™ i7-14650HX (14th Gen), 1.6 GHz up to 5.2 GHz</li>\r\n    <li><strong>Operating System:</strong> Windows 11 Home (MSI recommends Windows 11 Pro for business)</li>\r\n    <li><strong>Display:</strong> 16\" FHD+ (1920 x 1200), IPS-Level, 144Hz refresh rate, 16:10 aspect ratio</li>\r\n    <li><strong>Graphics:</strong> NVIDIA® GeForce RTX™ 4060 Laptop GPU with 8GB GDDR6 VRAM</li>\r\n    <li><strong>Memory:</strong> 16GB DDR5 5600MHz (2x8GB), expandable up to 64GB</li>\r\n    <li><strong>Storage:</strong> 1TB NVMe SSD</li>\r\n    <li><strong>Keyboard:</strong> SteelSeries 24-Zone RGB backlit keyboard with Anti-Ghost keys (99 Key)</li>\r\n    <li><strong>Audio:</strong> 2x 2W speakers with Hi-Res Audio and Nahimic support</li>\r\n    <li><strong>Connectivity:</strong> Intel Wi-Fi 6E (2x2/160) Gig+ and Bluetooth 5.3</li>\r\n    <li><strong>Ports:</strong>\r\n      <ul>\r\n        <li>1x USB 3.2 Gen1 Type-C</li>\r\n        <li>2x USB 3.2 Gen1 Type-A</li>\r\n        <li>1x USB 2.0 Type-A</li>\r\n        <li>1x HDMI</li>\r\n        <li>1x RJ-45 Ethernet</li>\r\n        <li>1x Audio Combo Jack</li>\r\n      </ul>\r\n    </li>\r\n    <li><strong>Dimensions:</strong> Approx. 14.13\" x 10.2\" x 0.98\"</li>\r\n    <li><strong>Weight:</strong> Approx. 4.85 lbs</li>\r\n    <li><strong>Color:</strong> Cosmo Gray</li>\r\n  </ul>\r\n</div>\r\n', 1099),
(49, 12, 'Lenovo T14 G5 14\"WUXGA Laptop - Intel Co', '685ed637737e87.72032265.webp', '<ul>\r\n  <li><strong>Processor:</strong> Intel Core Ultra 7 155U, 12 cores (2 Performance + 8 Efficient + 2 Low Power Efficient), 14 threads, up to 4.8GHz Turbo, 12MB cache</li>\r\n  <li><strong>Memory:</strong> 16GB (2x 8GB) SO-DIMM DDR5-5600 RAM</li>\r\n  <li><strong>Storage:</strong> 512GB SSD M.2 2280 PCIe 4.0x4 Performance NVMe, Opal 2.0</li>\r\n  <li><strong>Graphics:</strong> Intel Graphics</li>\r\n  <li><strong>Display:</strong> 14\" WUXGA (1920 x 1200) IPS, 60Hz</li>\r\n</ul>\r\n', 1099),
(50, 12, 'Apple 13.6\" MacBook Air - M3 Chip 8-Core', '685ed661ac7e70.10102439.webp', '<ul>\r\n  <li><strong>Processor:</strong> Apple M3 Chip with 8-core CPU</li>\r\n  <li><strong>Memory:</strong> 24GB RAM</li>\r\n  <li><strong>Storage:</strong> 512GB SSD</li>\r\n  <li><strong>Graphics:</strong> 10-core GPU</li>\r\n  <li><strong>Display:</strong> 13.6-inch LED-backlit display (2560 x 1664)</li>\r\n  <li><strong>I/O Ports:</strong> 2x Thunderbolt / USB 4 Ports</li>\r\n  <li><strong>Features:</strong> Touch ID</li>\r\n</ul>\r\n', 999),
(51, 12, 'Apple MacBook Air 13.6\' Liquid Retina La', '685ed689888493.19978899.webp', '<ul>\r\n  <li><strong>Processor:</strong> Apple M4 chip with 10-core CPU</li>\r\n  <li><strong>Memory:</strong> 24GB RAM</li>\r\n  <li><strong>Storage:</strong> 512GB SSD</li>\r\n  <li><strong>Graphics:</strong> 10-core GPU</li>\r\n  <li><strong>Display:</strong> 13.6\" Liquid Retina XDR display</li>\r\n  <li><strong>I/O Ports:</strong> Two Thunderbolt / USB 4 ports</li>\r\n</ul>\r\n', 1299),
(52, 12, 'Asus Vivobook 15.6\" Laptop - Intel Core ', '685ed6cc6d0e40.71287782.webp', '<ul>\r\n  <li><strong>Processor:</strong> Intel Core Ultra 7-155H</li>\r\n  <li><strong>Memory:</strong> 16GB RAM</li>\r\n  <li><strong>Storage:</strong> 1TB SSD</li>\r\n  <li><strong>Display:</strong> 15.6\"</li>\r\n</ul>\r\n', 749),
(53, 4, 'Transcend 8GB DDR4 3200MHz Desktop Memor', '685ed95d220575.55290748.webp', '<ul>\r\n  <li><strong>Brand:</strong> Transcend</li>\r\n  <li><strong>Computer Memory Size:</strong> 8 GB</li>\r\n  <li><strong>RAM Memory Technology:</strong> DDR4</li>\r\n  <li><strong>Memory Speed:</strong> 3200 MHz</li>\r\n  <li><strong>Special Feature:</strong> Lightweight</li>\r\n</ul>\r\n', 23),
(54, 4, 'Crucial 32GB DDR5 5600 Laptop RAM', '685edc7f3016a4.56831155.webp', 'Crucial DDR5 Laptop Memory can empower your computer to transfer 50% more data than DDR4 at launch, resulting in faster load times, file transfers, downloads, refresh rates and less lag time.', 60),
(55, 4, 'Kingston 8GB DDR4 3200MT ECC Memory RAM ', '685edca5b65eb1.71032317.webp', '<ul>\r\n  <li><strong>Brand:</strong> Kingston</li>\r\n  <li><strong>Memory Capacity:</strong> 8GB</li>\r\n  <li><strong>Form Factor:</strong> DDR4</li>\r\n</ul>\r\n', 20),
(56, 4, 'Crucial 16GB 3200MHz Laptop Memory', '685edcfd49a2e1.38780737.webp', '<ul>\r\n  <li><strong>Brand:</strong> Crucial</li>\r\n  <li><strong>Capacity:</strong> 16GB</li>\r\n  <li><strong>Type:</strong> DDR4</li>\r\n  <li><strong>Speed:</strong> 3200MHz</li>\r\n  <li><strong>Compatibility:</strong> Notebook</li>\r\n</ul>\r\n', 25),
(57, 4, 'Kingston Fury Beast 16GB 5600MHz DDR5 RA', '685edd3721fb05.37582778.jpg', '<ul>\r\n  <li><strong>Brand:</strong> Kingston</li>\r\n  <li><strong>Memory Capacity:</strong> 16GB</li>\r\n  <li><strong>Speed:</strong> 5600 MHz</li>\r\n  <li><strong>Form Factor:</strong> DDR5</li>\r\n</ul>\r\n', 44.5),
(58, 4, 'Kingston Fury Beast 32GB DDR4-3200 C16 R', '685edd6477ef56.98703756.jpg', 'Kingston FURY KF432C16BB/32 is a 4G x 64-bit (32GB) DDR4-3200 CL16 SDRAM (Synchronous DRAM) 2Rx8, memory module, based on sixteen 2G x 8-bit FBGA components per module. Each module kit supports Intel® Extreme Memory Profiles (Intel® XMP) 2.0. Each module has been tested to run at DDR4-3200 at a low latency timing of 16-20-20 at 1.35V. The SPDs are programmed to JEDEC standard latency DDR4-2400 timing of 17-17-17 at 1.2V. Each 288-pin DIMM uses gold contact fingers.', 65),
(59, 4, 'Kingston 16G DDR5 Beast RAM - White RGB ', '685ee00b86d259.37784138.webp', '<ul>\r\n  <li><strong>Brand:</strong> Kingston</li>\r\n  <li><strong>Memory Capacity:</strong> 16GB</li>\r\n  <li><strong>Speed:</strong> 5200 MHz</li>\r\n  <li><strong>Form Factor:</strong> DDR5</li>\r\n</ul>\r\n', 57),
(60, 4, 'CORSAIR Vengeance RGB 96GB (2 x 48GB) DD', '685ee14eab4a29.87621694.webp', '<ul>\r\n  <li><strong>Dynamic Ten-Zone RGB Lighting:</strong> Ten individually addressable ultra-bright RGB LEDs per module, with a panoramic light bar for vibrant illumination from any angle</li>\r\n  <li><strong>Onboard Voltage Regulation:</strong> Enables easier, more stable, and fine-tuned overclocking via CORSAIR iCUE software, surpassing previous-gen motherboard controls</li>\r\n  <li><strong>Custom Intel XMP 3.0 Profiles:</strong> Create and save custom XMP profiles in iCUE to optimize performance by app or workload</li>\r\n  <li><strong>Maximum Bandwidth and Tight Response Times:</strong> Engineered for peak performance on the latest DDR5 motherboards</li>\r\n  <li><strong>Compatibility:</strong> Intel 700 Series motherboards with 13th / 14th Gen Intel Core processors</li>\r\n</ul>\r\n', 299),
(61, 4, 'G.Skill Ripjaws S5 32GB (2 x 16GB) DDR5-', '685ee1812fbb90.74836062.jpg', '<ul>\r\n  <li><strong>Memory Type:</strong> DDR5</li>\r\n  <li><strong>Memory Speed:</strong> PC5-48000</li>\r\n  <li><strong>Memory Speed (MHz):</strong> DDR5-6000</li>\r\n  <li><strong>Memory Capacity:</strong> 32GB (2 x 16GB)</li>\r\n</ul>\r\n', 89),
(62, 4, 'Crucial 16GB 5600 DDR5 Desktop Memory', '685ee1a6bc5455.26469096.webp', 'Crucial DDR5 Desktop Memory can empower your computer to transfer 50% more data than DDR4 at launch, resulting in faster load times, file transfers, downloads, refresh rates and less lag time.', 35),
(63, 4, 'Kingston FURY Renegade RGB XMP 32GB 8000', '685ee1ec040b56.49928858.webp', '<ul>\r\n  <li><strong>Dynamic RGB Lighting:</strong> Customisable RGB lighting effects for stunning visual impact</li>\r\n  <li><strong>Infrared Sync Technology:</strong> Patented Kingston FURY Infrared Sync Technology ensures synchronized lighting across modules</li>\r\n  <li><strong>High Performance:</strong> Engineered to maximise performance in gaming and productivity workloads</li>\r\n  <li><strong>Overclocking Ready:</strong> Unlock extreme overclocking potential for enthusiasts</li>\r\n  <li><strong>Intel XMP 3.0 Certified:</strong> Supports easy and reliable overclocking with predefined profiles</li>\r\n  <li><strong>Motherboard Compatibility:</strong> Qualified by the world’s leading motherboard manufacturers</li>\r\n  <li><strong>Heat Spreader Design:</strong> Aggressive aluminium heat spreader for improved thermal performance and a bold aesthetic</li>\r\n</ul>\r\n', 259),
(64, 14, 'Redragon C214-B Hela Premium Managerial ', '685ee2c07a8693.91319130.webp', '<ul>\r\n  <li><strong>Seat Material:</strong> Microfiber weaving with new foam for enhanced comfort</li>\r\n  <li><strong>Armrest:</strong> Flip-up armrest, flips up to 78°</li>\r\n  <li><strong>Reclining Mechanism:</strong> Butterfly reclining mechanism</li>\r\n  <li><strong>Gas Lift:</strong> 100mm Class 3 gas lift (SGS certified)</li>\r\n  <li><strong>Base:</strong> 320mm durable nylon base</li>\r\n  <li><strong>Wheels:</strong> 50mm PU wheels (tested up to 80,000 cycles)</li>\r\n  <li><strong>Height Adjustment:</strong> Gas lift adjusting range of 100mm</li>\r\n  <li><strong>Wheel Base Size:</strong> 640mm</li>\r\n  <li><strong>Headrest Adjustment:</strong>\r\n    <ul>\r\n      <li>Up & Down: 8cm</li>\r\n      <li>Recline: 40°</li>\r\n      <li>Forward & Backward: 2cm</li>\r\n    </ul>\r\n  </li>\r\n</ul>\r\n', 140),
(65, 14, 'REDRAGON Gaming chair - Black & White | ', '685ee2dde518d7.27489467.jpg', 'The Redragon GAIA C211 gaming chair has a large number of joints and movement options that allow it to perfectly adapt to different body types without losing comfort and convenience. It has a backrest that can range from 90º to 180º. The height of the seat is adjustable from 126 to 138 cm. This gaming chair also has 2D adjustable armrests. It has an ergonomic design that allows it to efficiently distribute body weight to reduce joint fatigue and improve blood circulation, helping the user to maintain a correct and comfortable position at the same time. It can withstand up to 150 kg. It is made of metal frame and PVC plastic in the structure.', 190),
(66, 14, 'Redragon C214-B Hela Premium Managerial ', '685ee30fed9f69.23279788.webp', '<ul>\r\n  <li><strong>Seat Material:</strong> Microfiber weaving with new foam for enhanced comfort</li>\r\n  <li><strong>Armrest:</strong> Flip-up armrest (adjustable up to 78°)</li>\r\n  <li><strong>Reclining Mechanism:</strong> Butterfly-style for smooth reclining</li>\r\n  <li><strong>Gas Lift:</strong> 100mm Class 3 gas lift (SGS tested)</li>\r\n  <li><strong>Base:</strong> 320mm nylon base for sturdy support</li>\r\n  <li><strong>Wheels:</strong> 50mm PU wheels (tested up to 80,000 cycles)</li>\r\n  <li><strong>Height Adjustment:</strong> Gas lift range of 100mm</li>\r\n  <li><strong>Wheel Base Diameter:</strong> 640mm</li>\r\n  <li><strong>Headrest Adjustment:</strong>\r\n    <ul>\r\n      <li>Up & Down: 8cm</li>\r\n      <li>Recline: 40°</li>\r\n      <li>Forward & Backward: 2cm</li>\r\n    </ul>\r\n  </li>\r\n</ul>\r\n', 140),
(67, 14, 'Valencia High Back Chair ,Black Mesh | H', '685ee348606d21.02182754.jpg', 'Headrest Lumbar support PP armrest', 99),
(68, 14, 'Valencia Visitor Chair ,Black Mesh | HS-', '685ee37aa8b7f6.19440906.jpg', 'Lumbar Support Fabric-seat with foam Black paint steel legs', 69),
(70, 14, 'Noblechairs Hero Real Leather Noblechair', '685ee40740ffa8.01002945.jpg', '<ul>\r\n  <li><strong>Lumbar Support:</strong> Integrated adjustable lumbar support</li>\r\n  <li><strong>Design:</strong> Enlarged backrest and seat with stylish air channels and filigree stitching</li>\r\n  <li><strong>Armrests:</strong> 4D adjustable armrests with soft PU coating</li>\r\n  <li><strong>Upholstery:</strong> Extensive cold-foam padding for long-lasting comfort</li>\r\n  <li><strong>Frame:</strong> Robust steel frame construction</li>\r\n  <li><strong>Covering:</strong> Breathable fabric for optimal airflow</li>\r\n  <li><strong>Color:</strong> Vibrant color scheme</li>\r\n  <li><strong>Casters:</strong> Quiet 60mm casters for smooth movement</li>\r\n  <li><strong>Gas Lift:</strong> Safety Class 4 gas lift</li>\r\n  <li><strong>Certification:</strong> Office chair certified according to DIN EN 1335</li>\r\n  <li><strong>Tilt Mechanism:</strong> Wide-angle tilt mechanism</li>\r\n  <li><strong>Reclining Function:</strong> Up to 11°</li>\r\n  <li><strong>Adjustable Backrest Angle:</strong> 35° (from 90° to 125°)</li>\r\n  <li><strong>Weight:</strong> Total weight 30kg</li>\r\n  <li><strong>Load Capacity:</strong> Maximum load weight 150 kg / 330 lbs</li>\r\n  <li><strong>Dimensions:</strong>\r\n    <ul>\r\n      <li>Armrest Depth: 27cm</li>\r\n      <li>Armrest Height: 10.5cm</li>\r\n      <li>Backrest Depth: 87cm</li>\r\n      <li>Backrest Contact Area: 32.5cm</li>\r\n      <li>Seat Depth: 55cm</li>\r\n      <li>Seat Width: 52cm</li>\r\n      <li>Seat Contact Area (Depth): 48cm</li>\r\n      <li>Seat Contact Area (Width): 35cm</li>\r\n      <li>Seat Height: 48–56cm</li>\r\n      <li>Total Depth: 56.5cm</li>\r\n      <li>Total Height: 137cm</li>\r\n    </ul>\r\n  </li>\r\n</ul>\r\n', 779),
(71, 14, 'Noblechairs EPIC Gaming Chair Black and ', '685ee435545865.99584042.jpg', '<ul>\r\n  <li><strong>Weight Limit:</strong> 120 kg</li>\r\n  <li><strong>Seat Depth:</strong> Adjustable from 45 cm to 49 cm</li>\r\n  <li><strong>Cover Material:</strong> PU Leather</li>\r\n  <li><strong>Adjustable Lumbar Support:</strong> Yes</li>\r\n  <li><strong>Adjustable Seat Position:</strong> Yes</li>\r\n  <li><strong>Cushions:</strong> Included</li>\r\n  <li><strong>Adjustable Backrest:</strong> Yes</li>\r\n  <li><strong>Adjustable Armrest:</strong> Yes</li>\r\n  <li><strong>Assembly:</strong> Not included</li>\r\n</ul>\r\n', 499),
(72, 2, 'MSI GeForce RTX 4060 VENTUS 2X BLACK 8G ', '685ee47b74c782.96212411.webp', 'Experience next-level gaming and creative performance with the MSI GeForce RTX 4060 VENTUS 2X BLACK 8G OC Graphic Card. Built on the advanced Ada Lovelace architecture, this high-performance graphics card delivers stunning visuals with real-time ray tracing and AI-powered DLSS technology. Its dual-fan Ventus design ensures efficient thermal management even under heavy loads, while the factory overclocked performance provides the extra power needed for demanding applications and high-resolution gaming.\r\n\r\nTechnical Specifications:\r\n\r\nGPU Model: GeForce RTX 4060\r\nMemory: 8GB GDDR6\r\nCooling System: Dual-fan Ventus design\r\nClock Speed: Factory Overclocked for enhanced performance\r\nArchitecture: Ada Lovelace\r\nConnectivity: Supports HDMI and DisplayPort outputs', 310),
(73, 2, 'MSI RTX-3060 12GB Ventus 2X Oc Video Car', '685ee49db33dd8.87043701.webp', 'Increase the graphics quality of your PC with this MSI video card, it has 12GB of GDDR6 graphics memory and a 192-bit memory bus, it has two fans to ventilate the card, helping to keep it at the ideal temperature while your PC run games or editing programs! Get yours now at Atacado Games.', 290),
(74, 2, 'Zotac Gaming GeForce RTX 5070Ti Solid Co', '685ee4ba979527.51085414.webp', '<div>\r\n  <p>\r\n    The <strong>ZOTAC GAMING GeForce RTX 5070 Ti SOLID CORE OC</strong> is a high-performance graphics card designed for gaming and content creation. It features a 2.5-slot design with NVIDIA s cutting-edge Blackwell architecture and DLSS 4 technology. Structural enhancements like an all-metal mid-frame provide high performance combined with build flexibility.\r\n  </p>\r\n\r\n  <h3>Feature Highlights:</h3>\r\n  <ul>\r\n    <li>Powered by NVIDIA Blackwell architecture and DLSS 4</li>\r\n    <li>IceStorm 3.0 Advanced Cooling</li>\r\n    <li>Vapor Chamber for enhanced heat dissipation</li>\r\n    <li>BladeLink Fans for efficient airflow</li>\r\n    <li>Reinforced Metal Mid-Frame for structural durability</li>\r\n    <li>FREEZE Fan Stop and Active Fan Control for silent operation</li>\r\n    <li>SPECTRA RGB Lighting for customizable aesthetics</li>\r\n    <li>Durable Metal Backplate</li>\r\n    <li>Bundled with GPU Support Bracket</li>\r\n    <li>12V-2x6 Safety Light for stable power delivery</li>\r\n  </ul>\r\n</div>\r\n', 899),
(75, 2, 'Zotac Gaming Geforce RTX 4070 Trinity 12', '685ee530d35a57.64927877.jpg', '<ul>\r\n  <li>Powered by NVIDIA DLSS 3, ultra-efficient Ada Lovelace architecture, and full ray tracing</li>\r\n  <li>IceStorm 2.0 Advanced Cooling</li>\r\n  <li>FREEZE Fan Stop and Active Fan Control for silent operation</li>\r\n  <li>SPECTRA 2.0 RGB Lighting</li>\r\n  <li>Durable Metal Backplate</li>\r\n  <li>Bundled with GPU Support Bracket</li>\r\n</ul>\r\n', 1000),
(76, 2, 'MSI 912-V531-058 GeForce RTX 5070 Ti Gam', '685ee5ed41ebd1.26603378.webp', '<ul>\r\n  <li><strong>GPU:</strong> NVIDIA GeForce RTX 5070 Ti with advanced ray tracing</li>\r\n  <li><strong>Memory:</strong> 16GB GDDR7, 28 Gbps memory speed</li>\r\n  <li><strong>CUDA Cores:</strong> 8960 for extreme multitasking and rendering</li>\r\n  <li><strong>Cooling:</strong> MSI Tri Frozr cooling system for peak efficiency</li>\r\n  <li><strong>Connectivity:</strong> HDMI 2.1, DisplayPort 1.4a, multi-monitor support</li>\r\n  <li><strong>Power Requirement:</strong> Recommended 750W PSU</li>\r\n</ul>\r\n', 1149),
(77, 2, 'MSI 912-V531-092 GeForce RTX 5070 Ti VEN', '685ee61fb96560.94493375.webp', '<ul>\r\n  <li><strong>GPU:</strong> NVIDIA GeForce RTX 5070 Ti</li>\r\n  <li><strong>CUDA Cores:</strong> 8,960</li>\r\n  <li><strong>Memory:</strong> 16GB GDDR7</li>\r\n  <li><strong>Memory Speed:</strong> 28 Gbps</li>\r\n  <li><strong>Memory Bus:</strong> 256-bit</li>\r\n  <li><strong>Boost Clock:</strong> Up to 2,497 MHz (via MSI Center)</li>\r\n  <li><strong>Cooling System:</strong> Triple-fan (TORX Fan 5.0)</li>\r\n  <li><strong>Outputs:</strong> 3× DisplayPort 2.1b, 1× HDMI 2.1b</li>\r\n  <li><strong>Power Consumption:</strong> 300W</li>\r\n  <li><strong>Recommended PSU:</strong> 750W</li>\r\n  <li><strong>Dimensions:</strong> 303 × 121 × 49 mm</li>\r\n</ul>\r\n<p>This card is designed to handle the latest gaming titles and demanding applications, providing smooth performance and high-quality visuals.</p>\r\n', 1099),
(78, 2, 'Gigabyte GeForce RTX 5070 Gaming OC 12G ', '685ee6497ea7a3.92214268.webp', '<p>\r\n  Experience high-performance gaming and smooth visuals with the <strong>Gigabyte GeForce RTX 5070 Gaming OC 12GB</strong>, featuring advanced cooling, powerful graphics processing, and immersive lighting effects.\r\n</p>\r\n<ul>\r\n  <li><strong>GPU:</strong> NVIDIA GeForce RTX 5070</li>\r\n  <li><strong>Memory:</strong> 12GB GDDR7</li>\r\n  <li><strong>Cooling:</strong> WINDFORCE triple-fan design</li>\r\n  <li><strong>Lighting:</strong> RGB Halo</li>\r\n  <li><strong>Connectivity:</strong> 3× DisplayPort 2.1b, 1× HDMI 2.1b</li>\r\n  <li><strong>PCB Form:</strong> ATX</li>\r\n  <li><strong>Card Bus:</strong> PCI-E 5.0</li>\r\n  <li><strong>Core Clock:</strong> 2625 MHz (Reference card: 2512 MHz)</li>\r\n</ul>\r\n', 699),
(79, 2, 'ZOTAC GAMING GeForce RTX 5070 SOLID 12GB', '685ee67fbc1749.97958232.webp', '<p>\r\n  Unleash next-gen gaming performance with the <strong>ZOTAC GAMING RTX 5070 SOLID</strong>, built to deliver stunning visuals, faster frame rates, and enhanced ray tracing—all packed into a sleek, powerful GPU.\r\n</p>\r\n<ul>\r\n  <li><strong>GPU:</strong> NVIDIA GeForce RTX 5070</li>\r\n  <li><strong>Memory:</strong> 12GB GDDR7</li>\r\n  <li><strong>Model Number:</strong> ZT-B50700D-10P</li>\r\n</ul>\r\n', 1800),
(80, 2, 'ZOTAC GeForce RTX 5060 Ti 8GB AMP GPU | ', '685ee6a8b3ca68.73139603.webp', '<div style=\"max-width:600px; font-family: Arial, sans-serif; background:#1a1a1a; color:#eee; padding:20px; border-radius:8px; box-shadow:0 4px 12px rgba(0,0,0,0.6);\">\r\n  <p style=\"font-size:1.1rem; margin-bottom:16px;\">\r\n    The <strong>ZOTAC GAMING GeForce RTX 5060 Ti 8GB AMP</strong> is a compact graphics card powered by NVIDIA‘s cutting-edge Blackwell Architecture, DLSS 4, and 8GB of GDDR7 memory. With a strong factory overclock and a solid cooling solution, the AMP delivers smooth frame rates and performance for the latest game releases.\r\n  </p>\r\n  <h3 style=\"color:#4caf50; margin-bottom:12px;\">Feature Highlights:</h3>\r\n  <ul style=\"list-style:none; padding-left:0; line-height:1.6;\">\r\n    <li>✓ Powered by the NVIDIA Blackwell architecture and DLSS 4</li>\r\n    <li>✓ 8-Pin PCIe power connector</li>\r\n    <li>✓ White LED lighting</li>\r\n    <li>✓ SFF-Ready Graphics Card</li>\r\n    <li>✓ Compact dual-fan form factor</li>\r\n    <li>✓ IceStorm 2.0 Cooling</li>\r\n    <li>✓ BladeLink Fans</li>\r\n    <li>✓ FREEZE Fan Stop</li>\r\n    <li>✓ Metal Backplate</li>\r\n  </ul>\r\n</div>\r\n', 415),
(81, 2, ' SKU:086459657585452MPN:ZT-B50700FQ-10PC', '685ee746a56561.84054576.webp', '<p>\r\n  The ZOTAC GAMING GeForce RTX 5070 AMP White Edition is a high-performance NVIDIA SFF-Ready graphics card delivering powerful performance in a compact form factor. Featuring NVIDIA’s cutting-edge Blackwell architecture, DLSS 4, factory overclock, and advanced cooling solutions, this card is built tough for gaming and professional workloads.\r\n</p>\r\n<ul>\r\n  <li>Powered by the NVIDIA Blackwell architecture and DLSS 4</li>\r\n  <li>NVIDIA SFF-Ready Enthusiast GeForce Card</li>\r\n  <li>IceStorm 2.0 Cooling</li>\r\n  <li>BladeLink Fans</li>\r\n  <li>FREEZE Fan Stop</li>\r\n  <li>SPECTRA RGB Lighting</li>\r\n  <li>Metal Backplate</li>\r\n  <li>Bundled with GPU Support Bracket</li>\r\n  <li>Power Safety Light</li>\r\n</ul>\r\n', 765);
INSERT INTO `products` (`productID`, `categoryID`, `productName`, `productImage`, `productDescription`, `price`) VALUES
(82, 3, 'MSI 911-7D48-061 PRO B760M-E DDR4 Mother', '685eed2b165959.77572788.webp', '<ul>\r\n  <li><strong>Chipset:</strong> Intel B760</li>\r\n  <li><strong>CPU Support:</strong> 12th, 13th, and 14th Gen Intel Core, Pentium Gold, Celeron</li>\r\n  <li><strong>Memory:</strong> 2x DDR4 DIMM slots, up to 64GB</li>\r\n  <li><strong>Expansion Slots:</strong>\r\n    <ul>\r\n      <li>1x PCIe 4.0 x16</li>\r\n      <li>1x PCIe 3.0 x1</li>\r\n    </ul>\r\n  </li>\r\n  <li><strong>Storage:</strong>\r\n    <ul>\r\n      <li>1x M.2 (PCIe 4.0 x4)</li>\r\n      <li>4x SATA 6Gb/s</li>\r\n    </ul>\r\n  </li>\r\n  <li><strong>Graphics Outputs:</strong> HDMI 1.4b, VGA</li>\r\n  <li><strong>Audio:</strong> 7.1-Channel HD Audio (Realtek ALC897)</li>\r\n  <li><strong>LAN:</strong> Realtek Gigabit Ethernet</li>\r\n  <li><strong>Form Factor:</strong> Micro-ATX (24.4 cm x 24.4 cm)</li>\r\n</ul>\r\n', 96),
(83, 3, ' SKU:56966022MPN:TUFZ790PLUSWFCondition:', '685eed5e988d61.91516884.png', '<ul>\r\n  <li><strong>CPU Socket:</strong> Intel® Socket LGA1700 (for 13th Gen Intel® Core™ Processors)</li>\r\n  <li><strong>Power Delivery:</strong> 16+1 DrMOS Power Stages (60A)</li>\r\n  <li><strong>Connectivity:</strong>\r\n    <ul>\r\n      <li>HDMI® Port</li>\r\n      <li>DisplayPort</li>\r\n      <li>1 x USB 3.2 Gen 2x2 Type-C® Port</li>\r\n      <li>2 x USB 3.2 Gen 1 Ports (rear)</li>\r\n      <li>2 x USB 3.2 Gen 1 Ports (front)</li>\r\n      <li>2 x USB 3.2 Gen 2 Ports</li>\r\n      <li>1 x USB 3.2 Gen 2 Type-C® Port</li>\r\n      <li>Intel® 2.5Gb Ethernet</li>\r\n      <li>WiFi 6E</li>\r\n      <li>Optical S/PDIF Out Port</li>\r\n      <li>5 x Audio Jacks</li>\r\n      <li>Thunderbolt Header</li>\r\n      <li>2 x Front USB 2.0 Headers</li>\r\n      <li>1 x Front USB 3.2 Gen 1 Header</li>\r\n      <li>1 x Front USB 3.2 Gen 2 Type-C® Port</li>\r\n    </ul>\r\n  </li>\r\n</ul>\r\n', 220),
(84, 3, 'Gigabyte B650 AORUS Elite AX ICE AM5 LGA', '685eedd5f36854.17614955.webp', '<ul>\r\n  <li><strong>CPU Socket:</strong> AMD Socket AM5 (Supports Ryzen™ 7000 / 8000 / 9000 Series Processors)</li>\r\n  <li><strong>Power Delivery:</strong> Twin 12+2+2 Phases Digital VRM Solution</li>\r\n  <li><strong>Memory:</strong> Dual Channel DDR5, 4× DIMMs with AMD EXPO™ & Intel® XMP support</li>\r\n  <li><strong>Storage:</strong>\r\n    <ul>\r\n      <li>1 × PCIe 5.0 x4 M.2 Connector</li>\r\n      <li>2 × PCIe 4.0 x4 M.2 Connectors</li>\r\n    </ul>\r\n  </li>\r\n  <li><strong>Thermal Design:</strong> Advanced VRM Cooling & M.2 Thermal Guard for 25110 SSDs</li>\r\n  <li><strong>EZ-Latch:</strong> Quick-release PCIe x16 & screwless M.2 connectors</li>\r\n  <li><strong>Networking:</strong> 2.5GbE LAN & Wi-Fi 6E</li>\r\n  <li><strong>Connectivity:</strong>\r\n    <ul>\r\n      <li>HDMI</li>\r\n      <li>DisplayPort</li>\r\n      <li>Front USB-C® (20Gb/s)</li>\r\n      <li>Rear USB-C® (10Gb/s)</li>\r\n    </ul>\r\n  </li>\r\n  <li><strong>Smart Fan 6:</strong> Multiple temperature sensors & hybrid fan headers with FAN STOP</li>\r\n  <li><strong>Q-Flash Plus:</strong> Update BIOS without CPU, memory, or GPU installed</li>\r\n</ul>\r\n', 189),
(85, 3, 'Gigabyte Z790 UD AX (1.2) Motherboard | ', '685eee1c21b9a3.52131609.jpg', '<ul>\r\n  <li><strong>CPU Socket:</strong> Intel® Socket LGA 1700 (Supports 13th and 12th Gen Series Processors)</li>\r\n  <li><strong>Power Delivery:</strong> Twin 16+1+1 Phases Digital VRM Solution</li>\r\n  <li><strong>Memory:</strong> Dual Channel DDR5, 4× SMD DIMMs with XMP 3.0 Support</li>\r\n  <li><strong>Storage:</strong> 3 × PCIe 4.0 x4 M.2 Connectors</li>\r\n  <li><strong>Thermal Design:</strong> Advanced VRM Cooling & M.2 Thermal Guard for SSD Stability</li>\r\n  <li><strong>EZ-Latch Plus:</strong> PCIe 5.0 x16 Slot with Quick Release & Screwless Design</li>\r\n  <li><strong>Networking:</strong> 2.5GbE LAN & Wi-Fi 6E (802.11ax)</li>\r\n  <li><strong>Connectivity:</strong>\r\n    <ul>\r\n      <li>DisplayPort</li>\r\n      <li>HDMI</li>\r\n      <li>Front USB-C® (5Gb/s)</li>\r\n      <li>Rear USB-C® (20Gb/s)</li>\r\n    </ul>\r\n  </li>\r\n  <li><strong>Smart Fan 6:</strong> Multiple Temperature Sensors, Hybrid Fan Headers with FAN STOP</li>\r\n  <li><strong>Q-Flash Plus:</strong> Update BIOS Without Installing CPU, Memory, or Graphics Card</li>\r\n</ul>\r\n', 264),
(86, 3, 'MSI MAG X670E TOMAHAWK WIFI Motherboard', '685eee4bb1cc10.88002803.jpg', '<ul>\r\n  <li><strong>Model:</strong> MSI MAG X670E TOMAHAWK WIFI</li>\r\n  <li><strong>Chipset:</strong> AMD X670</li>\r\n  <li><strong>CPU Socket:</strong> AMD Socket AM5 (Supports Ryzen™ 8000 / 7000 Series Desktop Processors)</li>\r\n  <li><strong>Form Factor:</strong> ATX</li>\r\n  <li><strong>Memory Support:</strong> Up to 6600 MHz DDR5 (OC)</li>\r\n  <li><strong>Graphics Interface:</strong> PCI-Express x16</li>\r\n  <li><strong>Power Design:</strong>\r\n    <ul>\r\n      <li>14+2+1 Duet Rail Power System</li>\r\n      <li>Dual 8-pin CPU power connectors</li>\r\n      <li>Core Boost</li>\r\n      <li>Memory Boost</li>\r\n    </ul>\r\n  </li>\r\n  <li><strong>Cooling & Thermal:</strong>\r\n    <ul>\r\n      <li>Extended Heatsink Design</li>\r\n      <li>Extended VRM Heatsink</li>\r\n      <li>M.2 Shield Frozr</li>\r\n    </ul>\r\n  </li>\r\n  <li><strong>Storage & Speed:</strong>\r\n    <ul>\r\n      <li>PCIe 5.0 slot</li>\r\n      <li>Lightning Gen5 M.2</li>\r\n      <li>USB 3.2 Gen 2×2</li>\r\n    </ul>\r\n  </li>\r\n  <li><strong>Audio:</strong> AUDIO BOOST – Studio-grade sound quality</li>\r\n  <li><strong>Build Quality:</strong> 8-layer PCB with 2oz thickened copper and server-grade materials</li>\r\n</ul>\r\n', 220),
(87, 3, 'MSI PRO B760M-B DDR5 Motherboard | 911-7', '685eeea6e58a62.22103414.webp', 'The MSI PRO B760M-B DDR5 Motherboard is designed for reliability and performance, making it a solid choice for business and everyday computing. It supports Intels 12th and 13th Gen processors and features the latest DDR5 memory support for enhanced speed and efficiency. With a Micro-ATX form factor, it offers a balanced blend of compact design and expandability, including PCIe slots, M.2 storage support, and a range of connectivity options. Built with durable components and a user-friendly BIOS interface, this motherboard delivers dependable performance for both professionals and casual users.', 90),
(88, 3, 'Gigabyte B650E AORUS ELITE X AX ICE AM5 ', '685eeed35b0ac6.99978600.webp', '<ul>\r\n  <li><strong>CPU Socket:</strong> AMD Socket AM5 (Supports Ryzen™ 7000 / 8000 Series Processors)</li>\r\n  <li><strong>Power Delivery:</strong> Digital Twin 12+2+2 Phases VRM Solution</li>\r\n  <li><strong>Memory:</strong> Dual Channel DDR5, 4 × DIMMs with AMD EXPO™ & Intel® XMP Support</li>\r\n  <li><strong>Graphics Interface:</strong> PCIe UD Slot X – PCIe 5.0 x16 Slot with 10× Strength for Graphics Card</li>\r\n  <li><strong>EZ-Latch Features:</strong>\r\n    <ul>\r\n      <li>EZ-Latch Click: Screwless M.2 Heatsinks</li>\r\n      <li>EZ-Latch Plus: Quick Release & Screwless M.2 Slots</li>\r\n    </ul>\r\n  </li>\r\n  <li><strong>Sensor Panel Link:</strong> Onboard Video Port for In-Chassis Panel Setup</li>\r\n  <li><strong>BIOS:</strong> UC BIOS – User-Centered UX with Quick Access</li>\r\n  <li><strong>Storage:</strong> 3 × M.2 Slots, including 1 × PCIe 5.0 x16 M.2</li>\r\n  <li><strong>Cooling:</strong> VRM Thermal Armor Advanced & M.2 Thermal Guard XL</li>\r\n  <li><strong>Networking:</strong> 2.5GbE LAN & Wi-Fi 6E with Ultra-High Gain Antenna</li>\r\n  <li><strong>Connectivity:</strong>\r\n    <ul>\r\n      <li>HDMI</li>\r\n      <li>Rear USB-C® (Up to 40Gb/s)</li>\r\n      <li>Front USB-C® (20Gb/s)</li>\r\n    </ul>\r\n  </li>\r\n  <li><strong>Audio:</strong> 8-Channel HD Audio & Audiophile Grade Capacitors</li>\r\n</ul>\r\n', 235),
(89, 6, 'Xigmatek Polima M12-600 (200W, 230V, 120', '6860298b7f1453.48669399.webp', 'Cooling fan: 120mm\r\nLifetime > 120,000 hours\r\nCONNECTOR: 20+4pin * 1 / CPU 4pin * 1 / SATA * 2 / Molex 4pin * 2', 14);

-- --------------------------------------------------------

--
-- Table structure for table `users`
--

DROP TABLE IF EXISTS `users`;
CREATE TABLE IF NOT EXISTS `users` (
  `userID` int NOT NULL AUTO_INCREMENT,
  `username` varchar(50) NOT NULL,
  `profilePhoto` varchar(200) NOT NULL DEFAULT 'profile_placeholder.png',
  `email` varchar(50) NOT NULL,
  `hashed_password` varchar(64) NOT NULL,
  `role` varchar(20) NOT NULL DEFAULT 'user',
  `status` tinyint(1) NOT NULL DEFAULT '1',
  PRIMARY KEY (`userID`),
  UNIQUE KEY `username` (`username`),
  UNIQUE KEY `email` (`email`)
) ENGINE=MyISAM AUTO_INCREMENT=5 DEFAULT CHARSET=utf8mb4 COLLATE=utf8mb4_0900_ai_ci;

--
-- Dumping data for table `users`
--

INSERT INTO `users` (`userID`, `username`, `profilePhoto`, `email`, `hashed_password`, `role`, `status`) VALUES
(1, 'Issa Sleiman', '686148972c0ae5.70143220.jpg', 'iws@gmail.com', '$2y$10$2cW5cbzEjd6WfD5MdVr/he0pJyuAydUmL0S2oKxaMk067VbYisKCq', 'Admin', 1),
(2, 'Daniel Cambi', '68614a54c09557.02775343.avif', 'daniel@gmail.com', '$2y$10$.YqGVN23K1gGYZv0xypG/uEYD/dnnQj9F8UGb3j8QAoQze.1vXczC', 'user', 1),
(3, 'Ali Merhi', '68614c2c09fc58.55485700.avif', 'ali@gmail.com', '$2y$10$Pf5BeP5S/QMygYib14YFLOnlMp2yIkMcyUsspMbcbcRwebhf0P9Yq', 'user', 1),
(4, 'Cynthia Merhi', '68614cf71b7955.09398754.jpeg', 'cynthia@gmail.com', '$2y$10$ncyPWCKh6A5/3gROsInwD.x2T5YTlRjb7OV1NVWDAifPKx6RX0kqG', 'user', 1);
COMMIT;

/*!40101 SET CHARACTER_SET_CLIENT=@OLD_CHARACTER_SET_CLIENT */;
/*!40101 SET CHARACTER_SET_RESULTS=@OLD_CHARACTER_SET_RESULTS */;
/*!40101 SET COLLATION_CONNECTION=@OLD_COLLATION_CONNECTION */;
